{
  "applicationCheckpoint": {
    "commit": "46ff00bcff1267ef3c60e77e47c6d89d07fe0cd8",
    "tree": "9ef7a30a2c6233d78df8f1dbcb5e95cd23d05745"
  },
  "coldLaunchSeriesMs": [
    5393.869,
    4419.551,
    5083.316
  ],
  "comparators": {
    "answerFeedback": {
      "observedMs": 919.458,
      "thresholdMs": 100,
      "within": false
    },
    "audioStart": {
      "observedMs": 621.406,
      "thresholdMs": 250,
      "within": false
    },
    "coldLaunch": {
      "observedMs": 5393.869,
      "thresholdMs": 2000,
      "within": false
    },
    "sqliteTransactionUpperBound": {
      "observedMs": 24.843,
      "thresholdMs": 50,
      "within": true
    }
  },
  "isolatedSqlite": {
    "maxTransactionMs": 24.843
  },
  "journeys": {
    "default": {
      "answerFeedbackMs": [
        765.7699584960938,
        919.4579124450684,
        743.1089878082275,
        831.8060636520386,
        843.3719873428345,
        809.7339868545532,
        808.0040216445923,
        829.367995262146,
        830.3030729293823,
        852.4119853973389
      ],
      "audioStartMs": [
        621.4059591293335,
        411.97705268859863
      ],
      "backgroundAudioStoppedCount": 2,
      "coldLaunchMs": 5393.868923187256,
      "completed": true,
      "enterSubmitted": true,
      "minimumControlHeightPoints": 49,
      "referenceTextHeightPoints": 23,
      "resumeProgressAfter": "Card 2 of 5",
      "resumeProgressBefore": "Card 2 of 5",
      "schemaVersion": 1,
      "softwareKeyboardObserved": true
    }
  },
  "limitations": [
    "Development-signed install only; this is not distribution, App Store or production signing evidence.",
    "Comparator values are specific to this physical device and must not be treated as transferable across devices or platforms."
  ],
  "platform": "ios-physical",
  "repeatJourneys": [
    {
      "answerFeedbackMs": [
        834.6439599990845,
        845.7319736480713,
        838.716983795166,
        871.4470863342285,
        836.9829654693604,
        845.8949327468872,
        823.4130144119263,
        832.8689336776733,
        834.0380191802979,
        823.6500024795532
      ],
      "audioStartMs": [
        505.75506687164307,
        431.07402324676514
      ],
      "backgroundAudioStoppedCount": 2,
      "coldLaunchMs": 4419.5510149002075,
      "completed": true,
      "enterSubmitted": true,
      "minimumControlHeightPoints": 49,
      "referenceTextHeightPoints": 23,
      "resumeProgressAfter": "Card 2 of 5",
      "resumeProgressBefore": "Card 2 of 5",
      "schemaVersion": 1,
      "softwareKeyboardObserved": true
    },
    {
      "answerFeedbackMs": [
        718.979001045227,
        816.8870210647583,
        819.0040588378906,
        806.5029382705688,
        763.1419897079468,
        820.4259872436523,
        812.5429153442383,
        806.0989379882812,
        829.3579816818237,
        841.3000106811523
      ],
      "audioStartMs": [
        495.1059818267822,
        389.34898376464844
      ],
      "backgroundAudioStoppedCount": 2,
      "coldLaunchMs": 5083.315968513489,
      "completed": true,
      "enterSubmitted": true,
      "minimumControlHeightPoints": 49,
      "referenceTextHeightPoints": 23,
      "resumeProgressAfter": "Card 2 of 5",
      "resumeProgressBefore": "Card 2 of 5",
      "schemaVersion": 1,
      "softwareKeyboardObserved": true
    }
  ],
  "runner": {
    "buildConfiguration": "Release",
    "deviceModel": "iPhone 16 Pro Max",
    "deviceOsVersion": "27.0",
    "hostOS": "macOS 27.0 (26A5388g)",
    "reality": "physical",
    "sdk": "iphoneos26.5",
    "xcodeVersion": "26.6 (17F109)"
  },
  "schemaVersion": 1,
  "splitTimings": {
    "clock": "Unix epoch milliseconds",
    "completed": true,
    "observations": [
      {
        "answerIndex": 1,
        "audioPlayingVisibleEpochMs": -1,
        "expectedRevision": 2,
        "feedbackVisibleEpochMs": 1784881722363.6821,
        "replayToAudioPlayingVisibleMs": 471.2749719619751,
        "submitEpochMs": 1784881721436.28
      },
      {
        "answerIndex": 2,
        "audioPlayingVisibleEpochMs": -1,
        "expectedRevision": 4,
        "feedbackVisibleEpochMs": 1784881730781.9263,
        "replayToAudioPlayingVisibleMs": 975.5669832229614,
        "submitEpochMs": 1784881729953.22
      },
      {
        "answerIndex": 3,
        "audioPlayingVisibleEpochMs": -1,
        "expectedRevision": 6,
        "feedbackVisibleEpochMs": 1784881739693.517,
        "replayToAudioPlayingVisibleMs": 409.55400466918945,
        "submitEpochMs": 1784881738587.715
      },
      {
        "answerIndex": 4,
        "audioPlayingVisibleEpochMs": -1,
        "expectedRevision": 8,
        "feedbackVisibleEpochMs": 1784881747584.37,
        "replayToAudioPlayingVisibleMs": 384.5961093902588,
        "submitEpochMs": 1784881746731.643
      },
      {
        "answerIndex": 5,
        "audioPlayingVisibleEpochMs": -1,
        "expectedRevision": 10,
        "feedbackVisibleEpochMs": 1784881755825.9038,
        "replayToAudioPlayingVisibleMs": 459.9260091781616,
        "submitEpochMs": 1784881754906.293
      },
      {
        "answerIndex": 6,
        "audioPlayingVisibleEpochMs": -1,
        "expectedRevision": 12,
        "feedbackVisibleEpochMs": 1784881763870.881,
        "replayToAudioPlayingVisibleMs": 404.155969619751,
        "submitEpochMs": 1784881762983.681
      },
      {
        "answerIndex": 7,
        "audioPlayingVisibleEpochMs": -1,
        "expectedRevision": 14,
        "feedbackVisibleEpochMs": 1784881771770.3398,
        "replayToAudioPlayingVisibleMs": 412.3950004577637,
        "submitEpochMs": 1784881770912.19
      },
      {
        "answerIndex": 8,
        "audioPlayingVisibleEpochMs": -1,
        "expectedRevision": 16,
        "feedbackVisibleEpochMs": 1784881780297.631,
        "replayToAudioPlayingVisibleMs": 1073.2730627059937,
        "submitEpochMs": 1784881779414.305
      },
      {
        "answerIndex": 9,
        "audioPlayingVisibleEpochMs": -1,
        "expectedRevision": 18,
        "feedbackVisibleEpochMs": 1784881788247.23,
        "replayToAudioPlayingVisibleMs": 398.47397804260254,
        "submitEpochMs": 1784881787356.717
      },
      {
        "answerIndex": 10,
        "audioPlayingVisibleEpochMs": -1,
        "expectedRevision": 20,
        "feedbackVisibleEpochMs": 1784881796188.9119,
        "replayToAudioPlayingVisibleMs": 409.0629816055298,
        "submitEpochMs": 1784881795310.5203
      }
    ],
    "schemaVersion": 1
  }
}
